Time (s),Temp. (Cel),Displacement (m),Load (N),Displacement Rate (m/s),Strain,Strain Rate (1/s),Stress (Pa)
8.0,23.1932773590088,6.609562635421749e-07,0.0011520144647695102,0.0001781845092773436,6.1030125904171275e-05,0.016452863275839665,88.48037363821123
11.0,23.2321262359619,5.913571119308469e-07,0.0008578124688610432,-8.35189819335936e-05,5.460361144329149e-05,-0.007711817353055733,65.8842141982368
14.0,23.2702388763428,6.83119654655457e-07,0.0007627363302417099,0.0001101150512695314,6.307660707806619e-05,0.010167594761729582,58.58189940412519
17.0,23.3107872009277,6.07264399528503e-07,0.00058217971047461,-9.10263061523436e-05,5.6072428395983646e-05,-0.008405014418498946,44.7142634773126
20.0,23.3557357788086,6.266239881515499e-07,0.0005690049158746374,2.323150634765628e-05,5.786001737318096e-05,0.0021451067726367752,43.702374491139594
23.0,23.3915691375732,6.57275080680847e-07,0.0004708684033039954,3.678131103515628e-05,6.069021982279288e-05,0.0033962429395342822,36.16500793425464
26.0,23.430233001709,5.92768549919128e-07,0.00010539817413669121,-7.74078369140628e-05,5.47339381273433e-05,-0.007147538034539501,8.095097859960923
29.0,23.4638652801514,5.953625440597529e-07,7.811498474790714e-05,3.11279296875e-06,5.497345743857367e-05,0.00028742317347645426,5.999614803986724
32.0,23.4968700408936,5.319050550460819e-07,-0.00010819910256736905,-7.614898681640638e-05,4.911404017046001e-05,-0.007031300721736507,-8.310222931441556
37.0,23.5443344116211,2.5751930236816397e-05,0.01952942110882996,0.01815841735839846,0.0023778328935195195,1.6766775030838834,1499.955538312593
41.0,23.5889701843262,6.05762214660645e-05,0.046752908527779594,0.03134186279296877,0.005593372249867451,2.8939854841153063,3590.8531895376036
45.0,23.6408348083496,9.542051696777339e-05,0.0736053250845432,0.03135986938476564,0.008810758722786093,2.89564814263764,5653.250774542489
49.0,23.6838970184326,0.000130132431030273,0.09981455713477126,0.03124071899414064,0.01201592160944349,2.8846462598467806,7666.248627862617
53.0,23.7279033660889,0.00016554728698730498,0.12638045041356075,0.03187337036132814,0.015285991411570173,2.9430628219139554,9706.639816709736
58.0,23.7662525177002,0.00020094026184081998,0.15278995369172121,0.025482945556640636,0.018554040797859644,2.3529958962733732,11735.019484771216
62.00000000000001,23.8096294403076,0.000236419586181641,0.178786747106361,0.03193139282226563,0.02183006335933896,2.948420389867556,13731.70100663295
66.0,23.8486080169678,0.000271320190429688,0.20433325291423798,0.03141052734375,0.02505264916248273,2.900325701177285,15693.7982269
70.0,23.8806686401367,0.000306518371582031,0.2297646499954221,0.03167836303710936,0.028302712057435918,2.9250566054579274,17647.054531138412
75.0,23.917760848999,0.00034139093017578103,0.2550052965412137,0.025108247680664036,0.03152270823414414,2.3183977544472794,19585.660256621635
79.0,23.957052230835,0.000377490966796875,0.2805239884594917,0.032490025634765635,0.034856044948926586,3.0000023670143703,21545.621233447906
83.0,23.9941425323486,0.0004129521484375,0.3059674126630781,0.031915085449218776,0.03813039228416435,2.946914630583451,23499.801279806306
87.0,24.0258903503418,0.000447597320556641,0.3301420409196855,0.031180638427734362,0.04132939247983758,2.879098654453773,25356.531560651732
92.0,24.0598373413086,0.00048303143310546895,0.3551005083541872,0.02551256652832032,0.04460124036061578,2.355730981377684,27273.464543332353
96.0,24.0918998718262,0.0005192423095703129,0.38009223274612414,0.03258981079101564,0.04794481159467339,3.009216139521296,29192.95182381906
100.0,24.1198749542236,0.000554601806640625,0.40460882033672285,0.031823503417968774,0.05120976977291089,2.938458302674863,31075.946262421112
104.0,24.1497364044189,0.000590051086425781,0.428644023756027,0.031904392089843775,0.054483018137191225,2.9459272474463316,32921.96803041682
109.0,24.1755123138428,0.000625584411621094,0.45297483626155893,0.025583992309570317,0.05776402692715549,2.3623261597017833,34790.6940293056
113.0,24.2019157409668,0.000660195373535156,0.47605018927154513,0.0311498583984375,0.06095986828579464,2.876256546485457,36562.994567707
117.0,24.2305202484131,0.00069503125,0.4995108217018131,0.0313522998046875,0.06417647737765465,2.8949491971087253,38364.88645943265
121.0,24.2553520202637,0.000730356567382813,0.5229661794065471,0.03179277465820314,0.0674382795367325,2.9356209287352852,40166.373226309304
125.00000000000001,24.2789268493652,0.000765082214355469,0.5460731059509277,0.03125306030273436,0.0706447104668023,2.8857858081933845,41941.09876735236
130.0,24.3012447357178,0.000800713500976563,0.569798447302246,0.025654524536132817,0.0739347646331083,2.36883883066785,43763.32160539524
134.0,24.3238754272461,0.000836163818359375,0.5932381678773884,0.03190528198242186,0.0772081088051131,2.946009416659451,45563.60736385472
138.0,24.3433647155762,0.000871309020996094,0.6161805304670331,0.031630726318359365,0.08045327987036878,2.9206580164690084,47325.69358425754
142.0,24.3641109466553,0.000906977783203125,0.6396674617061616,0.03210183471679686,0.08374679438625345,2.9641583302674843,49129.605353775856
147.0,24.3813991546631,0.0009408207397460939,0.6613713486682894,0.02436693603515628,0.08687172112152297,2.2499479256838666,50796.57055824035
151.0,24.4062309265137,0.000976955871582031,0.6847032927593233,0.032521625976562496,0.0902082983916926,3.00292021944252,52588.57855294342
155.0,24.4250907897949,0.0010004722290039099,0.6990124634376529,0.021164703369140638,0.09237970720257709,1.9542662390711576,53687.593197976414
158.0,24.4367198944092,0.00100017401123047,0.6967083436149598,-0.0003578338623046878,0.09235217093540812,-0.0330409845156683,53510.625469658975
161.0,24.4492931365967,0.000999943725585938,0.6954989725013736,-0.00027635192871093784,0.09233090725631929,-0.025517260268784654,53417.7398234542
164.0,24.459981918335,0.000999943359375,0.6948618904033664,-4.57763671875e-07,0.09233087344182823,-4.226811374653739e-05,53368.8087867409
168.0,24.479154586792,0.0009803104248046878,0.6798717189903255,-0.01766962646484378,0.09051804476497578,-1.6315444565876063,52217.48993781302
172.0,24.4983291625977,0.000945190734863281,0.6542390219226839,-0.03160771362304686,0.08727522944259287,-2.918533113854742,50248.772805121655
176.0,24.5105876922607,0.0009091569824218749,0.6289356024021152,-0.03243037353515627,0.08394801315068096,-2.994494324575833,48305.345806614074
181.0,24.522533416748,0.000875123107910156,0.6048274132415776,-0.024504402465820318,0.08080545779410488,-2.2626410402419497,46453.71837492916
185.0,24.5363636016846,0.000839622619628906,0.579676811123848,-0.03195042846679686,0.07752748103683342,-2.9501780671095896,44522.02850413579
189.0,24.5536518096924,0.0008048348388671879,0.55545399955883,-0.03130897338867186,0.07431531291479111,-2.890948604678842,42661.59750835868
193.0,24.5665397644043,0.000768754638671875,0.530323523698807,-0.03247220581054686,0.070983807818271,-2.998356953882443,40731.4534330881
198.0,24.5743980407715,0.000733605773925781,0.505637060018539,-0.025307191772460963,0.06773829860810535,-2.336767476681529,38835.41167577105
202.0,24.5847702026367,0.0006985673828125,0.48078936182022125,-0.031534533691406276,0.06450299010272391,-2.9117759641187693,36926.98631491715
206.0,24.5957717895508,0.000663289855957031,0.45628597974815377,-0.031749792480468775,0.06124560073472123,-2.931652121926941,35045.00612505022
210.0,24.6064586639404,0.000629369140625,0.432353689590836,-0.030528640136718778,0.058113494055863336,-2.8188956728272183,33206.8886014467
214.0,24.6221752166748,0.000593733947753906,0.40701690088462833,-0.032071640624999995,0.054823079201653364,-2.9613703254847636,31260.898685455326
219.0,24.6278343200684,0.0005590777587890629,0.38269274725246394,-0.02495248901367186,0.05162306175337607,-2.3040156060638832,29392.684120772963
223.0,24.6400928497314,0.000523832763671875,0.35766447387580885,-0.031720488281249994,0.04836867623932363,-2.92894628635734,27470.389698602834
227.0,24.6438655853271,0.000488901428222656,0.33275493793773625,-0.031438179931640636,0.04514325283681034,-2.902879033392487,25557.21489537145
231.0,24.6542377471924,0.00045355322265625,0.30770317145729104,-0.031813410644531276,0.041879337272045236,-2.93752637530298,23633.116087349543
235.0,24.6620960235596,0.000418912139892578,0.2828633292331699,-0.031176965332031275,0.03868071467152151,-2.8787594951090743,21725.294103930104
240,24.6759262084961,0.000384062103271484,0.2577291872518541,-0.02509201538085936,0.0354627980860096,-2.316898927133828,19794.86845252336
244.0,24.6844139099121,0.00034876943969726603,0.23229938007020906,-0.03176340454101564,0.03220401105237913,-2.932909006557307,17841.73426038472
248.00000000000003,24.6897563934326,0.00031404516601562496,0.20708972721309651,-0.03125184448242186,0.0289977069266505,-2.885673544083274,15905.509002541976
252.0,24.6960430145264,0.000279399597167969,0.1817808833293918,-0.031181015625,0.025798670098612093,-2.879133483379501,13961.665386282013
256.0,24.6988735198975,0.00024391200256347698,0.1556360235058312,-0.03193884155273436,0.022521883893211168,-2.9491081766144376,11953.611636392567
261.0,24.7051601409912,0.000209198974609375,0.1300441775040153,-0.02499337097167968,0.01931661815414358,-2.30779048676636,9988.032066360624
265.0,24.7073593139648,0.000173808517456055,0.10391232679963137,-0.031851416015624995,0.016048801242479684,-2.9410356431786697,7980.97748077046
269.0,24.7136459350586,0.0001384052734375,0.07777690349745746,-0.03186291870117186,0.012779803641505076,-2.9420977563408917,5973.648502108868
273.0,24.7164745330811,0.000103041938781738,0.051119721928024296,-0.031827004394531275,0.009514491115580608,-2.938781569208797,3926.24592381139
277.0,24.7177333831787,6.899620056152339e-05,0.025763008039641353,-0.03064116394042968,0.006370840310389971,-2.829285682403479,1978.7256558864328
282.0,24.7186756134033,3.3647167205810495e-05,-0.0012559604308038997,-0.025451304931640637,0.0031068483107858256,-2.3500743242512128,-96.46393477756527
286.0,24.7249622344971,2.60889887809753e-07,-0.02673254748380188,-0.030047649536132818,2.408955566110369e-05,-2.7744828749891797,-2053.1910509832474
289.0,24.7259044647217,4.92499232292175e-07,-0.025352463245201115,0.0002779312133789064,4.547546004544552e-05,0.025663085261210188,-1947.1937976344943
292.0,24.7274761199951,5.28204798698425e-07,-0.024640609107065226,4.2846679687500004e-05,4.877237291767543e-05,0.0039562954466759006,-1892.5199006962541
295.0,24.7281055450439,4.4498717784881594e-07,-0.024260616102755025,-9.986114501953139e-05,4.108838207283619e-05,-0.009220789013807145,-1863.3345701040728
297.0,24.7312488555908,5.63376307487488e-07,-0.02367112343891855,0.0002131004333496096,5.201997299053443e-05,0.01967686365185684,-1818.05863586164
300,24.7359638214111,4.5381820201873797e-07,-0.023505918848192732,-0.0001314697265625,4.190380443386315e-05,-0.012139402268005538,-1805.3701112283206
303.0,24.7318782806396,5.56605219841003e-07,-0.02295740350691081,0.00012334442138671857,5.1394757141366845e-05,0.011389143249004485,-1763.2414367827043
306.0,24.7299919128418,4.3669021129608195e-07,-0.02278343342592717,-0.00014389801025390642,4.032227251118023e-05,-0.013286981556224044,-1749.879679410689
309.0,24.7328205108643,5.09798884391785e-07,-0.022407590527033793,8.77304077148436e-05,4.707284251078346e-05,0.008100683999523878,-1721.0130973144235
312.0,24.7334499359131,5.38599848747253e-07,-0.022003683563172845,3.45611572265625e-05,4.973221133400304e-05,0.0031912425878635733,-1689.9910570793277
315.0,24.7347068786621,5.73389887809753e-07,-0.021699107911157568,4.1748046874999996e-05,5.294458797873988e-05,0.00385485197368421,-1666.5981498584922
318.0,24.7299919128418,6.020573377609249e-07,-0.021563419337773282,3.440093994140628e-05,5.5591628602116794e-05,0.0031764487480522878,-1656.1766004434166
321.0,24.7312488555908,5.410031080245969e-07,-0.021517929506230316,-7.32650756835936e-05,4.995411893117238e-05,-0.0067650116051332955,-1652.682757774986
324.0,24.7318782806396,4.6491897106170697e-07,-0.021494693592071505,-9.13009643554686e-05,4.29288061922167e-05,-0.00843037528674687,-1650.8981253511142
326.0,24.7312488555908,5.979756116867069e-07,-0.02100292129775284,0.000239501953125,5.521473792121024e-05,0.022114677112188362,-1613.1275958335516
329.0,24.7315635681152,6.12643122673035e-07,-0.020856751077842715,1.7601013183593777e-05,5.6569078732505534e-05,0.0016252089735543651,-1601.901004442605
332.0,24.7268486022949,5.78673243522644e-07,-0.020850943268346776,-4.0763854980468784e-05,5.3432432458231205e-05,-0.0037639755291291577,-1601.4549361249444
335.0,24.7243328094482,5.13937830924988e-07,-0.020754361547470054,-7.76824951171878e-05,4.74550167059084e-05,-0.007172898902787423,-1594.036985212754
338.0,24.7215042114258,6.18307948112488e-07,-0.020511770934724786,0.000125244140625,5.709214664011892e-05,0.01156455592105263,-1575.4048336962203
341.0,24.7218189239502,5.65989375114441e-07,-0.020411974343454837,-6.27822875976564e-05,5.2261253473170906e-05,-0.005797071800337617,-1567.7399649350875
344.0,24.7240200042725,5.316952466964719e-07,-0.020280641627192533,-4.1152954101562494e-05,4.9094667284992786e-05,-0.003799903425813711,-1557.6529667582593
347.0,24.7249622344971,5.75602412223816e-07,-0.02000262431175711,5.26885986328125e-05,5.314888386184819e-05,0.004865059892226454,-1536.2998703346475
350.0,24.7265338897705,5.750874280929569e-07,-0.019997176567745197,-6.179809570312499e-07,5.310133223388337e-05,-5.706195355782547e-05,-1535.8814568160674
353.0,24.7243328094482,5.10599970817566e-07,-0.019896447079539324,-7.73849487304686e-05,4.714681170983988e-05,-0.007145424628852133,-1528.1449369845873
355.0,24.7246475219727,6.27310633659363e-07,-0.019647581039786366,0.00021007919311523458,5.7923419543800824e-05,0.01939789410112969,-1509.03080182691
358.0,24.7255916595459,5.512455701827999e-07,-0.01979680714013581,-9.1278076171875e-05,5.0899867976251144e-05,-0.008428261881059556,-1520.4920998568211
361.0,24.7252769470215,3.94823908805847e-07,-0.019837213969326035,-0.00018770599365234357,3.645650127477811e-05,-0.01733204004176764,-1523.595542958989
364.0,24.7202472686768,6.191281080245969e-07,-0.01937438369185332,0.0002691650390625,5.716787701058143e-05,0.024853650882963988,-1488.0479026001015
367.0,24.7167892456055,5.942562818527219e-07,-0.01943719758316279,-2.9846191406249996e-05,5.487130949701956e-05,-0.0027558810162742376,-1492.872318215268
370.0,24.7145900726318,5.333737134933469e-07,-0.019555614703750647,-7.305908203124999e-05,4.924965036873009e-05,-0.006745990953947367,-1501.9673351575
373.0,24.7098751068115,5.577114820480349e-07,-0.0191284203878045,2.9205322265625e-05,5.149690508292104e-05,0.0026967056570290854,-1469.1567118129417
376.0,24.7083034515381,6.8725860118866e-07,-0.019054402380913465,0.00015545654296874998,6.345878127319114e-05,0.014354251428324097,-1463.4717650471173
379.0,24.7061023712158,4.900006055831909e-07,-0.019204252750641096,-0.0002367095947265628,4.524474659124569e-05,-0.021856841618334514,-1474.9810100338784
382.0,24.6976146697998,6.68528437614441e-07,-0.018974368474733858,0.0002142333984375,6.17293109523953e-05,0.0197814772333795,-1457.3247676446897
384.0,24.690071105957,5.962589979171749e-07,-0.019075876546096788,-0.0001300849914550782,5.505623249466065e-05,-0.01201154122392227,-1465.1210864897687
387.0,24.6925868988037,6.400707960128779e-07,-0.019018145657140065,5.257415771484378e-05,5.9101643214485494e-05,0.004854492863789822,-1460.6870704408652
390.0,24.6891288757324,4.3308532238006595e-07,-0.019094394199562117,-0.000248382568359375,3.9989411115426214e-05,-0.022934678518871186,-1466.543333299702
393.0,24.6866130828857,6.778935194015499e-07,-0.01869002195627689,0.00029376983642578143,6.259404611279315e-05,0.027125561996840387,-1435.4855573177335
396.0,24.687557220459,5.388859510421749e-07,-0.01892462566192149,-0.00016680908203125,4.9758628905094635e-05,-0.015402500649238227,-1453.5042751091776
399.0,24.6866130828857,5.353382825851441e-07,-0.018799518103784368,-4.2572021484374995e-06,4.9431051023559e-05,-0.0003930934578427977,-1443.8953996762189
402.0,24.6847286224365,6.432560682296749e-07,-0.018485241726487876,0.0001295013427734378,5.939575883930516e-05,0.011957649378895456,-1419.7574290697294
406.0,24.6840991973877,1.9286242723465e-06,-0.01765938126994375,0.001156831398010254,0.0001780816502628347,0.10681730360205484,-1356.3272864780147
410.0,24.6730976104736,3.63688583374023e-05,0.009671216278159618,0.030996210937499998,0.0033581586645800828,2.8620693386426588,742.7969491674055
414.0,24.6671257019043,7.15924453735352e-05,0.03683826927770372,0.031701229248046865,0.006610567439846278,2.927167982275795,2829.360159577859
419.0,24.6664962768555,0.000107270767211914,0.06460270131042008,0.025688389892578135,0.009904964654839704,2.3719658257228193,4961.805016161296
423.0,24.6561241149902,0.00014249430847167998,0.09100069652161599,0.0317011962890625,0.01315736920329455,2.927164938971606,6989.300808111828
427.0,24.6495227813721,0.00017798214721679697,0.11791561015882525,0.03193905029296877,0.016434177951689468,2.9491274508743093,9056.49847610025
431.0,24.6407222747803,0.00021355722045898398,0.14449047234148973,0.032017565917968775,0.019719041593627328,2.9563772777441155,11097.578520851746
436.0,24.6350631713867,0.000248215835571289,0.1700282149971963,0.024954204711914035,0.02291928306290757,2.3041740269542044,13059.002687956707
440.0,24.6281490325928,0.00028292352294921895,0.19559364996194886,0.031236906738281275,0.026124055673981433,2.8842942509955005,15022.553760518347
444.0,24.6209182739258,0.000317653350830078,0.22116052518863638,0.03125685424804686,0.02933087265282345,2.886136126320116,16986.21545227622
448.0,24.623119354248,0.000353193939208984,0.2468813213954921,0.03198652954101564,0.03261255209685909,2.9535114996320995,18961.699031911838
452.0,24.6168327331543,0.000387818023681641,0.27168743904466647,0.03116166870117186,0.03580960514142576,2.877347063820116,20866.93080220173
457.0,24.6130599975586,0.00042411395263671896,0.2978074870830539,0.02613307067871096,0.039161029791017446,2.4130259167784818,22873.078885027182
461.0,24.6099166870117,0.000458730773925781,0.3221548345438002,0.031155128173828137,0.04235741218151255,2.876743137010908,24743.07484975424
465.0,24.5986003875732,0.000494028533935547,0.34712785423526726,0.031767989501953135,0.04561666980014284,2.933332363984592,26661.125517301636
469.0,24.5929431915283,0.000528905578613281,0.3716319470859532,0.031389342041015636,0.04883708020436574,2.8983695328730965,28543.16029846031
474.0,24.5872859954834,0.00056513427734375,0.3966266642299648,0.02608467590332032,0.05218229707698522,2.4085573317931965,30462.87743701727
478.0,24.5765972137451,0.00060052001953125,0.42090349496994034,0.03184715698242186,0.05544967862707756,2.940642380648371,32327.457370963162
482.0,24.5665397644043,0.000635787170410156,0.44478995861110654,0.03174042114257814,0.058706109917835265,2.930786809102321,34162.05519286533
486.0,24.561824798584,0.000670700500488281,0.46877768950061766,0.03142199340820314,0.06192987077454118,2.9013844328904095,36004.43083722102
491.0,24.553337097168,0.0007060223999023439,0.49255806008071934,0.02543177673339846,0.06519135733170303,2.3482711665187863,37830.88019053144
495.0,24.5451641082764,0.0007409281005859379,0.5161103455432894,0.031415126953125,0.06841441371984652,2.90075041118421,39639.81148565971
499.0,24.5363636016846,0.0007762186889648439,0.5396258949741367,0.031761533203125,0.07167300913802806,2.9327362145083096,41445.921272975174
503.0,24.5291347503662,0.000811780334472656,0.5635138175819401,0.032005480957031276,0.07495663291529601,2.955261399541207,43280.63115068665
506.99999999999994,24.5178184509277,0.0008463218383789059,0.5861865706190111,0.031087375488281273,0.07814606079214274,2.8704871180315115,45022.010032182116
512.0,24.512788772583,0.000881872863769531,0.6098767845428472,0.02559672180175782,0.08142870394917183,2.3635015514088473,46841.53491112498
516.0,24.504301071167,0.0009165087280273439,0.632480666872787,0.031172259521484363,0.08462684469319888,2.8783249788997565,48577.62418377781
520.0,24.4958152770996,0.00095131005859375,0.6551509134799961,0.031321193847656276,0.08784026395140812,2.892076994243423,50318.81055913949
524.0,24.4882717132568,0.000986731384277344,0.6780998601242068,0.03187924072265627,0.0911109311428757,2.9436048682046416,52081.40246729699
529.0,24.4816703796387,0.0010221578369140599,0.7010079557025906,0.02550700561523436,0.09438207173721697,2.3552175083318887,53840.85681279498
533.0,24.477897644043,0.0010582990722656299,0.7243595771385188,0.032527119140625,0.09771921258223729,3.003427436807479,55634.376124310205
537.0,24.4694118499756,0.00109299853515625,0.7462742286655429,0.031229527587890635,0.10092322577620036,2.8836128890019053,57317.52908337504
541.0,24.4568386077881,0.0011284172363281299,0.7689343747344974,0.03187683837890627,0.1041936506304829,2.9433830451436997,59057.93968774942
545.0,24.4464645385742,0.0011631220703125,0.7908609224510189,0.031234350585937497,0.10739815977031392,2.8840582258483374,60742.00633264355
550.0,24.4417495727539,0.00119857653808594,0.8131299906425477,0.02552724792480468,0.11067188717321698,2.3570866043217618,62452.38023368262
554.0,24.4376640319824,0.0012339410400390599,0.835494602444076,0.03182798217773436,0.113937307482831,2.938871853899756,64170.09235361568
558.0,24.4260330200195,0.0012693808593749998,0.8576874302764896,0.03189584106445314,0.11720968230609416,2.945137679081545,65874.61062031411
563.0,24.4153461456299,0.0013054959716796899,0.8803948618282318,0.02600291015625,0.12054441105075621,2.4010074013157894,67618.65298219907
567.0,24.4052867889404,0.0013410318603515599,0.9025020221324919,0.03198223754882814,0.12382565654215695,2.9531151937976117,69316.59156163533
571.0,24.395544052124,0.0013763988037109398,0.924376196687698,0.0318302490234375,0.1270913022817119,2.9390811655990303,70996.63569029939
575.0,24.3933429718018,0.001411078125,0.9458325830532069,0.031211433105468776,0.13029345567867034,2.8819421150017335,72644.59163235077
579.0,24.3864269256592,0.0014466164550781299,0.9680772603153227,0.03198448608398436,0.13357492660001197,2.9533228147723323,74353.09219011696
584.0,24.3769969940186,0.00148132214355469,0.9891121175510439,0.024988124999999996,0.13677951464032223,2.3073060941828247,75968.67262296805
588.0,24.3681964874268,0.0015158889160156298,1.0101563271369953,0.031110065917968777,0.13997127571704798,2.8725822638937,77584.97136228843
592.0,24.3600234985352,0.00155150048828125,1.0322586242191323,0.032050371093749995,0.14325950953658817,2.959406379847645,79282.5364223604
596.0,24.3480796813965,0.00158601928710938,1.0532340005073517,0.031066962890625,0.14644684091499352,2.868602298303324,80893.54842606389
600,24.3392772674561,0.00162096826171875,1.0745656639301346,0.03145402587890628,0.1496738930488227,2.9043421864179386,82531.92503303646
605.0,24.3301620483398,0.0016561874999999999,1.0961635326499946,0.0253578515625,0.15292590027700828,2.3414452042936285,84190.74751536058
609.0,24.3235607147217,0.0016910316162109399,1.1174379596893336,0.031359730224609354,0.15614327019491595,2.895635293131057,85824.72808673838
613.0,24.3147602081299,0.0017264077148437498,1.1390003642971005,0.03183848876953128,0.1594097612967451,2.93984199164647,87480.82675092938
617.0,24.3087882995605,0.00176114855957031,1.1598933650844587,0.031266760253906276,0.1626175955281911,2.887050808301595,89085.51191124876
621.0,24.3065872192383,0.0017966625976562499,1.181563284310533,0.031962670898437504,0.1658968234216297,2.951308485543629,90749.86822661545
626.0,24.2971572875977,0.0018313717041015599,1.202072614281844,0.024990514526367177,0.16910172706385593,2.3075267337365815,92325.0855823229
630.0,24.2867851257324,0.0018674404296875,1.2241044320526149,0.03246185302734378,0.17243217263965832,2.9974010182219555,94017.23748483986
634.0,24.2786121368408,0.00190137854003906,1.2441942530017824,0.03054434692382814,0.17556588550683838,2.820345976346088,95560.23448554397
638.0,24.2657241821289,0.00193683264160156,1.2658067862068192,0.03190871704101564,0.1788395790952502,2.946326596585008,97220.18327241315
643.0,24.2654094696045,0.00197232763671875,1.2869100278274523,0.025556401977539035,0.18211704863515696,2.3597785759500494,98841.01596216993
647.0,24.2522087097168,0.00200055529785156,1.3032115483810436,0.025404834594726537,0.1847234808727202,2.345783434416116,100093.0528710479
650.0,24.2493801116943,0.00200006823730469,1.3003365611000053,-0.0005844726562499999,0.18467850759969434,-0.053967927631578934,99872.23971582223
653.0,24.2418346405029,0.00200013854980469,1.2990131661323516,8.44573974609378e-05,0.1846849999819658,0.0077984669862361765,99770.59647713914
655.0,24.2368068695068,0.00200006030273438,1.2975178375579859,-0.00014089965820312497,0.18467777495238963,-0.013010125411184207,99655.74789231844
660,24.2251758575439,0.00198575463867188,1.2863249447967553,-0.010300096435546859,0.18335684567607383,-0.9510707696719167,98796.07870942821
664.0,24.2160606384277,0.00195141479492188,1.2617816843032874,-0.030905815429687497,0.1801860383122696,-2.8537225696849027,96911.03566077477
668.0,24.2069454193115,0.00191669982910156,1.237924736679462,-0.031243535156250002,0.1769805936381865,-2.8849062932825484,95078.70481409079
672.0,24.1981430053711,0.00188111755371094,1.2136259092117296,-0.032024022216796864,0.1736950649779261,-2.9569734272203934,93212.43542332793
676.0,24.1937427520752,0.0018464802246093799,1.1906017696716356,-0.031173566894531275,0.17049678897593534,-2.8784456966326197,91444.0683311548
681.0,24.1887130737305,0.0018110290527343798,1.1668271227298745,-0.025524871215820318,0.1672233659034515,-2.3568671482751906,89618.05858140359
685.0,24.184627532959,0.00177484826660156,1.14285899436646,-0.032562707519531275,0.16388257309340348,-3.006713529042592,87777.1885074086
689.0,24.1701679229736,0.0017394840087890599,1.1198192176967636,-0.0318278466796875,0.160617175326783,-2.9388593425380884,86007.62040681748
693.0,24.1535091400146,0.00170467810058594,1.096880820503616,-0.03132533203125,0.15740333338743673,-2.8924590979916895,84245.83874835761
698.0,24.1412487030029,0.00166930603027344,1.0735098958168023,-0.025467824707031277,0.15413721424500829,-2.351599695940099,82450.83685228898
702.0,24.1299343109131,0.00163385229492188,1.0503748748123156,-0.031908391113281274,0.1508635544710877,-2.946296501688021,80673.95351861103
706.0,24.1198749542236,0.00159846008300781,1.027406550098421,-0.031853063964843775,0.14759557553165373,-2.9411878083881597,78909.87327944863
710.0,24.1145305633545,0.00156391284179688,1.0048036404129015,-0.031092454833984356,0.14440561789444875,-2.8709561250216393,77173.85871066833
715.0,24.1073017120361,0.00152754174804688,0.9809199824768114,-0.026187163696289036,0.14104725282057987,-2.4180206552436783,75339.47638070749
719.0,24.1035289764404,0.0014929892578125,0.9585980173923496,-0.031097277832031277,0.13785681050900275,-2.8714014618680768,73625.03973827571
723.0,24.0915851593018,0.001458169921875,0.936057731044006,-0.03133744995117186,0.13464172870498614,-2.8935780194987863,71893.83494961644
727.0,24.0818405151367,0.0014220095214843799,0.9127123943874355,-0.032544356689453144,0.1313028182349381,-3.0050190848987204,70100.79834004882
731.0,24.0746116638184,0.00138735083007813,0.8905661038497927,-0.031192825927734362,0.12810256972097228,-2.8802240007141604,68399.85436634353
736.0,24.0670680999756,0.00135207690429688,0.8676789575359347,-0.025397197265624998,0.12484551286213111,-2.3450782332063707,66642.00902733754
740.0,24.0541801452637,0.00131718725585938,0.8451927651813503,-0.031400621337890636,0.12162393867584301,-2.899411019195811,64914.9589232988
744.0,24.0453777313232,0.0012818568115234399,0.8221473771015164,-0.031797410888671856,0.11836166311389101,-2.936049020191307,63144.95983882615
748.0,24.0381488800049,0.00124710144042969,0.7994875303077701,-0.031279892578125,0.11515248757430192,-2.8882633959487536,61404.572220258844
752.0,24.0306053161621,0.00121237646484375,0.7768726496139529,-0.0312524267578125,0.11194611863746536,-2.885727309123961,59667.638219197615
757.0,24.0177173614502,0.0011777027587890599,0.7544946452468869,-0.024965081176757817,0.1087444837293684,-2.305178317336825,57948.897484399924
761.0,24.0095443725586,0.00114212951660156,0.7313543869262695,-0.0320159033203125,0.10545978915988548,-2.9562237599549857,56171.61189909904
765.0,24.0029430389404,0.00110752795410156,0.7091531045692447,-0.031141446533203138,0.10226481570651523,-2.8754798276272515,54466.44428335213
769.0,23.9862842559814,0.00107137622070313,0.6853915509178158,-0.032536560058593775,0.09892670551275437,-3.0042991743853897,52641.44016265867
774.0,23.9812545776367,0.00103668786621094,0.662856651523209,-0.0249756005859375,0.09572371802501753,-2.30614963859072,50910.649118526046
778.0,23.9771690368652,0.00100205017089844,0.6401819157878879,-0.031173907470703133,0.09252540820853554,-2.8784771441092456,49169.11795605898
782.0,23.969310760498,0.000966638366699219,0.6166609794033046,-0.03187066040039063,0.08925562019383369,-2.942812594680575,47362.59442421694
786.0,23.957052230835,0.0009318074951171879,0.5935333654602051,-0.03134775146484378,0.08603947323335068,-2.8945292211305427,45586.279989263065
790.0,23.9473075866699,0.0008965011596679689,0.5704828522924422,-0.031775712890625,0.08277942379205622,-2.934045511599723,43815.88727284503
795.0,23.9419631958008,0.000861721435546875,0.5471767955068585,-0.02504142333984378,0.07956799958881579,-2.3122274552025646,42025.86755044996
799.0,23.9334774017334,0.0008270249633789059,0.5241307340578083,-0.031226832275390637,0.0763642625465287,-2.8833640143481656,40255.816747911544
803.0,23.9253044128418,0.0007916591186523439,0.5002888250131611,-0.03182923828125,0.07309871825044727,-2.938987837603878,38424.64093803081
807.0,23.9224758148193,0.000756825744628906,0.47716165998287186,-0.031350032958984364,0.06988234022427571,-2.8947398854094515,36648.360981787395
812.0,23.9187030792236,0.000720771789550781,0.4527437209825513,-0.02595885498046878,0.06655325849961043,-2.3969395180488253,34772.94323982729
816.0,23.9014148712158,0.0006854247436523439,0.42897064523563394,-0.03181236328125,0.06328945001406684,-2.9374296658587253,32947.054165563284
820.0,23.8970146179199,0.0006500374755859379,0.4047656405454631,-0.031848497314453134,0.060021927570262035,-2.940766141685423,31087.990825304387
824.0,23.8878993988037,0.000615253295898438,0.3813187373653412,-0.03130578002929686,0.056810091957381154,-2.890653742317346,29287.153407476286
828.0,23.8724956512451,0.0005798659057617189,0.3572322456573491,-0.03184865112304686,0.053542558242079305,-2.9407803437716398,27437.19244680101
833.0,23.8668384552002,0.000545176330566406,0.3334645568641666,-0.024976506958007818,0.05033945803937267,-2.3062333294559387,25611.71711706349
837.0,23.8489208221436,0.000510460845947266,0.30931041025457345,-0.031243912353515636,0.04713396546142807,-2.8849411222082764,23756.559927386596
841.0,23.8398056030273,0.00047574212646484394,0.28523899453515966,-0.03124686401367186,0.04392817418881292,-2.885213667005712,21907.756876740375
845.0,23.8322620391846,0.000440199768066406,0.260216051998138,-0.03198810791015627,0.04064633130807072,-2.953657240088298,19985.871889257913
849.0,23.8247184753418,0.000404925201416016,0.23581311416759518,-0.031747115478515636,0.03738921527387036,-2.9314049379977503,18111.606310875206
854.0,23.8156032562256,0.00037026107788085897,0.21131614780778926,-0.02495817443847654,0.03418846517828799,-2.3045405760366147,16230.118879246489
858.0,23.8055438995361,0.00033547299194335896,0.1866892585985181,-0.03130926269531249,0.030976268877503134,-2.8909753181267304,14338.652734141177
862.0,23.793285369873,0.000300884979248047,0.1620181140679363,-0.031129226074218776,0.02778254656029981,-2.8743514380626753,12443.787562821528
866.0,23.7772541046143,0.000265321655273438,0.13629259492421172,-0.032006993408203135,0.024498767799948105,-2.955401053389024,10467.94123841872
870.0,23.7719097137451,0.000230003692626953,0.11108859088664007,-0.03178616821289064,0.02123764474856445,-2.935010915317695,8532.14983768357
875.0,23.7665672302246,0.00019589100646972697,0.08643521582150462,-0.024561134033203137,0.018087812231738408,-2.267879412114786,6638.64944865627
879.0,23.7549362182617,0.000160541427612305,0.0609411533175707,-0.031814611816406276,0.014823769862632038,-2.937637286833451,4680.580131917873
883.0,23.7426776885986,0.000125248687744141,0.03487709780004027,-0.031763474121093774,0.01156497578431588,-2.9329154313105974,2678.7325499262884
887.0,23.7376480102539,9.050418090820309e-05,0.009023370209553834,-0.031270056152343774,0.008356803407959657,-2.8873551387205696,693.039186601677
891.0,23.7257041931152,5.50663757324219e-05,-0.017181925085747198,-0.03189402099609378,0.00508461456439722,-2.9449696210612903,-1319.6563045888786
896.0,23.7275905609131,2.1020790100097698e-05,-0.04255492843015193,-0.02451282165527346,0.0019409778485778113,-2.2634184353899776,-3268.427682807368
900,23.7169017791748,3.39644312858582e-07,-0.05746010568425653,-0.018613031616210963,3.136143239691431e-05,-1.7186548122078449,-4413.218562538905
903.0,23.7112445831299,3.62112879753113e-07,-0.056259647360444046,2.69622802734375e-05,3.343609231330683e-05,0.0024895918996710523,-4321.017462399696
906.0,23.7059001922607,4.93929743766785e-07,-0.05523772072644234,0.00015818023681640642,4.5607547900903506e-05,0.014605746705116012,-4242.528473613083
908.0,23.7021293640137,5.318669080734249e-07,-0.05456186378436093,6.82868957519532e-05,4.911051782764773e-05,0.006305345868139723,-4190.61933827657
911.0,23.6898708343506,4.4195449352264395e-07,-0.05396785861153604,-0.00010789489746093781,4.080835581926537e-05,-0.009962594410058891,-4144.996821162523
914.0,23.6832695007324,4.834393262863159e-07,-0.05322198062324522,4.978179931640628e-05,4.4638903627545323e-05,0.004596657369935944,-4087.7097252876515
917.0,23.684211730957,6.06749415397644e-07,-0.05277279659380917,0.00014797210693359358,5.6024876768018835e-05,0.013663167768568197,-4053.2101838563117
920.0,23.6763534545898,5.5420196056366e-07,-0.05240970562446119,-6.305694580078139e-05,5.1172849544197594e-05,-0.005822432668585538,-4025.3230126314284
923.0,23.6691246032715,5.60171961784363e-07,-0.05203775330326552,7.164001464843779e-06,5.172409619430867e-05,0.0006614959801333128,-3996.7552460265383
926.0,23.6606369018555,4.77431178092957e-07,-0.05161647201075557,-9.928894042968779e-05,4.408413463462206e-05,-0.009167953871623988,-3964.3987719474326
929.0,23.6518363952637,5.0272262096405e-07,-0.05107407778270246,3.0349731445312498e-05,4.641944791911818e-05,0.002802375941395429,-3922.740229086211
932.0,23.6518363952637,6.583622694015499e-07,-0.05059496155633922,0.00018676757812499998,6.079060659294089e-05,0.017245390408587254,-3885.9417477987113
935.0,23.6537227630615,4.54657435417175e-07,-0.05042089093759057,-0.00024444580078125,4.198129597573176e-05,-0.022571172740650968,-3872.5722686321487
937.0,23.642406463623,6.098965406417849e-07,-0.049907227129459344,0.00027943038940429684,5.6315470050026306e-05,0.025801513333730083,-3833.1203632457255
940.0,23.6336040496826,4.5826232433319093e-07,-0.04981422735872268,-0.00018196105957031278,4.231415737148577e-05,-0.01680157521424864,-3825.9775237114195
943.0,23.6207180023193,5.012730360031129e-07,-0.04934320091531279,5.161285400390628e-05,4.628559889225419e-05,0.004765729824922094,-3789.8003775201837
946.0,23.6222896575928,5.40640711784363e-07,-0.04903551326875686,4.72412109375e-05,4.992065667445641e-05,0.004362069338642659,-3766.168453821572
949.0,23.6138019561768,5.11668086051941e-07,-0.0487033458454609,-3.476715087890628e-05,4.72454373085818e-05,-0.0032102632390495177,-3740.6563629386255
952.0,23.605001449585,5.83861231803894e-07,-0.04850561845679284,8.66317749023436e-05,5.391147108069196e-05,0.007999240526532187,-3725.4699275570542
955.0,23.6015434265137,4.82867121696472e-07,-0.04838694180848597,-0.0001211929321289064,4.458606848536214e-05,-0.011190483114395787,-3716.3549776102896
958.0,23.5930557250977,5.294636487960819e-07,-0.04802012392756943,5.591583251953128e-05,4.888861023047848e-05,0.005163050094139546,-3688.1815612572527
961.0,23.5845699310303,6.02248072624207e-07,-0.04770185877289769,8.734130859375e-05,5.560924031617792e-05,0.008064756102839335,-3663.737232941451
964.0,23.5735683441162,4.2736327648162797e-07,-0.04746668457388877,-0.00020986175537109357,3.9461059693594455e-05,-0.01937781674710005,-3645.6746984553592
966.0000000000001,23.5691661834717,6.37286067008972e-07,-0.0470786976482153,0.00037786102294921854,5.884451218919408e-05,0.03489021449207927,-3615.8753954082413
968.9999999999999,23.566967010498,4.3255126476287797e-07,-0.04722087207648756,-0.0002456817626953128,3.994009831605521e-05,-0.022685296647766647,-3626.795090360028
972.0,23.5540790557861,5.33812403678894e-07,-0.04662811076624391,0.00012151336669921858,4.929015731107054e-05,0.011220070794018336,-3581.268108006445
975.0,23.5499935150146,5.080631971359249e-07,-0.04650735789618488,-3.08990478515625e-05,4.6912575912827784e-05,-0.0028530976778912737,-3571.9936940234165
978.0,23.548734664917,5.66313624382019e-07,-0.04620739996709827,6.99005126953128e-05,5.2291193387074696e-05,0.006454340969096288,-3548.9554506219874
981.0000000000001,23.5361614227295,5.16188502311707e-07,-0.046168031248784026,-6.0150146484374996e-05,4.7662834931828894e-05,-0.005554030146295013,-3545.931739537944
983.9999999999999,23.5311336517334,5.79703211784363e-07,-0.04588000224242208,7.621765136718781e-05,5.3527535714160936e-05,0.007037640938798505,-3523.8096960385624
987.0,23.523588180542,4.90134119987488e-07,-0.04573616777198312,-0.00010748291015625,4.5257074791088454e-05,-0.009924553107686978,-3512.7625016884117
990.0,23.5198173522949,7.0129668712616e-07,-0.04525627530055049,0.0002533950805664064,6.475500342808494e-05,0.02339751436439579,-3475.9044009639397
993.0,23.5160446166992,4.64804530143738e-07,-0.04547391851904387,-0.0002837905883789064,4.291823916378005e-05,-0.02620411711716587,-3492.6204699726477
994.9999999999999,23.5116443634033,5.42528986930847e-07,-0.04509859467558863,0.00013990402221679678,5.009501264366084e-05,0.012918192263785482,-3463.7937538854558
998.0,23.5053577423096,5.91605067253113e-07,-0.04483758928523062,5.889129638671878e-05,5.4626506671570905e-05,0.005437792833492038,-3443.7472569301553
1001.0,23.4968700408936,5.77433466911316e-07,-0.04474209711315636,-1.700592041015628e-05,5.331795631683434e-05,-0.001570260425683867,-3436.412988721687
1004.0,23.4896411895752,6.521061658859249e-07,-0.04451916046442983,8.960723876953139e-05,6.021294237173821e-05,0.008273983265884707,-3419.2903582511394
1007.0000000000001,23.4858684539795,5.720356702804569e-07,-0.044409976451611544,-9.608459472656281e-05,5.2819544808906454e-05,-0.008872077075398227,-3410.9044893710866
1009.9999999999999,23.4811534881592,5.11629939079285e-07,-0.044282171909475344,-7.24868774414064e-05,4.7241914965769617e-05,-0.00669315581176421,-3401.0884723099343
1013.0,23.4783248901367,5.90041041374207e-07,-0.04390383660924437,9.40933227539064e-05,5.4482090616270256e-05,0.008688210780600775,-3372.0304615395066
1016.0,23.4761257171631,6.473759412765499e-07,-0.04375736009986398,6.88018798828128e-05,5.9776171863023994e-05,0.006352897496104598,-3360.780345611673
1020,23.4682674407959,1.4540638923644999e-05,-0.033040408442091974,0.012503936462402339,0.0013426259393947365,1.1545647703049249,-2537.6657789625174
1024.0,23.457893371582,4.86398582458496e-05,-0.005818166054767373,0.030689296875,0.004491214981149547,2.8337300900277005,-446.86375228628066
1028.0,23.4475212097168,8.42523727416992e-05,0.021999171054184426,0.0320512646484375,0.007779535802557636,2.9594888872056786,1689.6444742077133
1033.0,23.4472064971924,0.000120288200378418,0.04981173495738508,0.02594579406738282,0.011106943709918559,2.3957335242274067,3825.7860950372565
1037.0,23.4424915313721,0.00015520472717285198,0.07627295673234459,0.03142487915039064,0.014330999738952166,2.901650891079468,5858.137997875929
1041.0,23.4333763122559,0.00018988163757324198,0.10236833794698667,0.031209217529296864,0.017532930523845056,2.8817375373311966,7862.3915473876095
1045.0,23.4283466339111,0.00022581852722168,0.12919279565272296,0.032343200683593774,0.020851202882888272,2.9864451231388522,9922.641755201457
1049.0,23.4176597595215,0.00026069589233398396,0.15499009408450085,0.031389616699218775,0.02407164287479076,2.8983948937413455,11904.001081758899
1054.0,23.4003715515137,0.000296087310791016,0.18093157769985213,0.02548181945800782,0.02733954854949363,2.3528919167135562,13896.43453915915
1058.0,23.3994274139404,0.000332328826904297,0.2076533372476576,0.03261737915039063,0.030685948929297966,3.011761694403567,15948.797023629619
1062.0,23.3937702178955,0.00036767172241210894,0.2329286810128213,0.03180858764648436,0.03394937418394357,2.9370810384565424,17890.06766611531
1067.0,23.3855972290039,0.000403183013916016,0.25883100633773765,0.0255681298828125,0.03722834846869954,2.360861485024238,19879.49357432701
1071.0,23.3764820098877,0.000438735504150391,0.28405938260002117,0.03199725952148436,0.040511126883692614,2.954502264218316,21817.156881722058
1075.0,23.3607654571533,0.000473228576660156,0.30832121217021896,0.03104377075195314,0.04369608279410489,2.8664608265884706,23680.58465209055
1079.0,23.3525924682617,0.000508755828857422,0.33355512502384144,0.03197451416015627,0.04697653082709344,2.952402046182481,25618.673196915628
1084.0,23.3378200531006,0.000544189514160156,0.3583539665445326,0.025512236938476537,0.05024833925763213,2.3557005483357836,27523.34612477209
1088.0,23.3280754089355,0.0005797156982421879,0.38297915362606083,0.03197356933593749,0.05352868866502196,2.9523148047957055,29414.681538099914
1092.0,23.3255596160889,0.0006151141357421879,0.40729739657287645,0.0318586083984375,0.056797242450802206,2.941699759781856,31282.44213309343
1096.0,23.3167591094971,0.0006497635498046879,0.4307939420280458,0.031184483642578135,0.059996634330996106,2.879453706609246,33087.0923216625
1100.0,23.3095302581787,0.0006851486816406249,0.4549570481891629,0.0318466259765625,0.0632639595236034,2.9405933496364263,34942.937648937244
1105.0,23.3038711547852,0.000720798889160156,0.4790793032844542,0.025668132934570317,0.06655576077194422,2.370095377153307,36795.64541355255
1109.0,23.2975845336914,0.0007552666015625,0.5022633680135729,0.031020959472656272,0.06973837502885502,2.8643545219442537,38576.29554635737
1113.0,23.2872123718262,0.00079085595703125,0.5261976782785419,0.032030423583984356,0.07302455743594181,2.9575645045230243,40414.56822415837
1117.0,23.2821826934814,0.000825478271484375,0.5492531668966295,0.0311600390625,0.07622144704380193,2.87719658933518,42185.343079618244
1121.0,23.2692947387695,0.0008610878906249999,0.5729793686641693,0.03204869018554686,0.07950950051939057,2.9592511713339666,44007.63200185633
1126.0,23.2677230834961,0.000895757751464844,0.5957649484544751,0.02496229431152346,0.08271078037533185,2.3049209890603377,45757.67653260178
1130.0,23.2630081176758,0.0009304404296874999,0.6183937080360415,0.031214421386718778,0.08591324373845798,2.882218041248271,47495.676500464026
1134.0,23.2494983673096,0.000965828918457031,0.6417698700389859,0.031849628906250003,0.08918087889723277,2.940870628462604,49291.0806481556
1138.0,23.2431812286377,0.00100050823974609,0.6641865557266232,0.031211414794921857,0.09238303229419112,2.8819404242771793,51012.79229851177
1143.0,23.2422332763672,0.0010360579833984399,0.6875037605136874,0.025595830078125,0.09566555710050229,2.3634192131232683,52803.6682422187
1147.0,23.2318096160889,0.0010714882812499998,0.7101832098335265,0.03188725708007814,0.09893705274699906,2.9443450674125704,54545.56143114643
1151.0,23.2213878631592,0.0011068275146484399,0.7327844735054014,0.03180530639648436,0.10220013985673497,2.936778060617207,56281.44957798783
1155.0,23.2097015380859,0.0011416669921874999,0.7549561276168826,0.0313554931640625,0.1054170814577562,2.895244059470221,57984.34159883891
1159.0,23.20654296875,0.00117620666503906,0.7770273748962402,0.031085742187499998,0.10860634026214773,2.8703363054016617,59679.52188143166
1164.0,23.1954879760742,0.0012118099365234399,0.7994981545776367,0.02563434997558596,0.11189380761989287,2.366975990358814,61405.388216408355
1168.0,23.1923294067383,0.00124712658691406,0.8219195538497927,0.03178491577148436,0.11515480950268328,2.934895269758482,63127.46189322525
1172.0,23.1882247924805,0.00128268151855469,0.8444547525196078,0.03199945678710936,0.1184378133476168,2.954705151164299,64858.27592316496
1176.0,23.1784324645996,0.0013172487792968799,0.86609197592926,0.03111053100585936,0.12162961951033054,2.8726252082972628,66520.12103911368
1181.0,23.1736946105957,0.00135347155761719,0.8889038545284272,0.02608041870117186,0.12497428971534533,2.4081642383353516,68272.18544765186
1185.0,23.1639041900635,0.00138815710449219,0.9104269792652132,0.031216962890625,0.12817701795865094,2.8824527138157894,69925.26722467075
1189.0,23.1588516235352,0.00142345166015625,0.932247957652283,0.03176515502929686,0.13143597970048476,2.933070639824271,71601.2256261354
1193.0,23.1519031524658,0.0014591589355468799,0.9546474350154877,0.03213654418945314,0.1347330503736731,2.9673632677242043,73321.61559258739
1198.0,23.1462173461914,0.0014944669189453099,0.9761523039646153,0.02542177917480468,0.13799325198017634,2.347348030914559,74973.29523537752
1202.0,23.1370582580566,0.00152974877929688,0.9983256040897378,0.031753637695312496,0.14125104148632314,2.9320071740824094,76676.31367816727
1206.0,23.1313724517822,0.00156462438964844,1.0198419203155493,0.031388020019531275,0.14447131945045613,2.8982474625605974,78328.872528076
1210.0,23.1174755096436,0.00159938818359375,1.041253565037533,0.031287480468750004,0.14768127272333795,2.888964032202216,79973.39209197642
1215.0,23.1143169403076,0.0016347578125,1.062803474905393,0.02546608154296878,0.1509471664358264,2.3514387389629525,81628.5310987245
1219.0,23.1143169403076,0.0016707746582031299,1.0851412267570477,0.03241517944335936,0.1542728216254044,2.993091361344354,83344.1802424768
1223.0,23.1016826629639,0.00170557788085938,1.1067377487384793,0.031322860107421864,0.15748641559181717,2.892230850177457,85002.8992886697
1227.0,23.0937881469727,0.00174037976074219,1.1280287107330298,0.031321673583984355,0.16069988557176268,2.8921212912266254,86638.14982588556
1231.0,23.0890502929688,0.00177565783691406,1.1494091560146347,0.03175030883789064,0.16395732566150137,2.931699800359246,88280.27311940359
1236.0,23.0833644866943,0.0018104427490234398,1.170632556631085,0.025045171508789037,0.1671692289033647,2.3125735465179162,89910.33461068242
1240.0,23.077995300293,0.00184663549804688,1.1927228827049212,0.032573485107421855,0.17051112632011817,3.0077086895126364,91606.98023847322
1244.0,23.0694675445557,0.00188127392578125,1.213567550546267,0.031174577636718777,0.1737095037655817,2.8785390246277722,93207.95319095755
1248.0,23.0612564086914,0.00191589306640625,1.2345467425933814,0.0311571533203125,0.17690610031451984,2.8769301311461213,94819.25826370057
1255.0,23.0479907989502,0.0019505780029296898,1.2529438629688285,0.017838015747070318,0.1801087722003407,1.6470928667654954,96232.24753984858
1262.0,23.0255661010742,0.00200693493652344,1.287358192450711,0.02898352478027346,0.18531255184888643,2.6762257414841604,98875.43720819593
1269.0,23.0201969146729,0.0020652961425781297,1.322710674889372,0.03001428588867186,0.19070139820666016,2.7714022057868752,101590.68163512842
1276.0,23.0066146850586,0.0021227814941406297,1.3574020583946234,0.02956397827148436,0.19600937157346532,2.729822555077041,104255.1504143336
1283.0,22.9984035491943,0.00218062622070313,1.3923125113517743,0.02974870422363282,0.2013505282274358,2.746879429698321,106936.44480428375
1290.0,22.9822959899902,0.00223810302734375,1.427098914735416,0.029559455566406278,0.2066577125894506,2.7294049461132293,109608.2115772209
1297.0,22.9696617126465,0.00229583227539063,1.4621088766990618,0.02968931945800782,0.21198820640726035,2.7413960718382104,112297.14874800782
1304.0,22.9605026245117,0.0023540090332031297,1.4970326474029516,0.029919490356445318,0.21736002153306827,2.762649155719789,114979.4660063711
1310.0,22.9557647705078,0.0024116591796874997,1.5319598597717334,0.03459017211914064,0.22268321142082173,3.193921709985285,117662.04760151563
1317.0,22.944393157959,0.00246938012695313,1.5668411333961527,0.02968506225585936,0.22801293877683562,2.7410029783803656,120341.10087528055
1324.0,22.9232330322266,0.00252743383789063,1.6018997275810272,0.02985617065429686,0.2333733922336685,2.756802461153911,123033.77323971024
1331.0,22.9118614196777,0.00258547802734375,1.6377635217117297,0.029851289062499998,0.238732966513735,2.756351713988919,125788.28891795159
1338.0,22.8973331451416,0.00264271118164063,1.671938655484006,0.029434132690429677,0.2440176529677405,2.717833120076609,128413.1071800312
1345.0,22.8907012939453,0.00270061254882813,1.7078081358436579,0.029777838134765637,0.24936403959631853,2.749569541529606,131168.05958860661
1352.0,22.8783836364746,0.00275810717773438,1.742795801804356,0.029568744506835963,0.2546728695968956,2.730262650677374,133855.28431677082
1359.0,22.8666973114014,0.00281588427734375,1.7783643609428434,0.029713901367187497,0.2600077818415281,2.7436658695463985,136587.12449637815
1366.0,22.8581695556641,0.00287344140625,1.8135621180992132,0.02960086120605468,0.26532238284856874,2.733228181537828,139290.4852610763
1373.0,22.8486938476563,0.00293139331054688,1.8494776868408203,0.02980385192871096,0.27067343587690484,2.7519715538975955,142048.97748393397
1380,22.838903427124,0.00298751782226563,1.8826436646133458,0.028864024658203136,0.2758557545951643,2.665191565854398,144596.28760471166
1384.0,22.8319549560547,0.00300059375,1.8915436603721625,0.01176828277587888,0.27706313481071093,1.0866373754274126,145279.85102704781
1387.0,22.8269004821777,0.0030000473632812497,1.8882788671333282,-0.0006557235717773459,0.2770126835901431,-0.06054695953622769,145029.09885816654
1391.0,22.8256378173828,0.0029951650390625,1.8825706414627061,-0.004394146728515628,0.276561868796168,-0.40573838675121215,144590.67906779618
1395.0,22.8212146759033,0.002960173828125,1.8543193611480688,-0.031492053222656274,0.2733309167243767,-2.9078534831630907,142420.84187005137
1399.0,22.8171100616455,0.0029255146484375,1.8286680341987578,-0.03119317016601564,0.2701306231244229,-2.8802557863357006,140450.69387087235
1403.0,22.8111095428467,0.0028899316406249998,1.802623609264372,-0.03202477661132814,0.26684502683518,-2.95704308507185,138450.3540141607
1408.0,22.8041610717773,0.00285603369140625,1.7784466616249077,-0.0244065966796875,0.2637150222905124,-2.253610035058864,136593.4455933109
1412.0,22.7905788421631,0.0028198242187499997,1.7526103825973522,-0.0325884375,0.26037158067867033,-3.0090893351800547,134609.09236538806
1416.0,22.7880516052246,0.00278364379882813,1.7273982420150717,-0.032562344970703136,0.2570308216831145,-3.0066800526965034,132672.67603802396
1421.0,22.7804718017578,0.0027488789062499997,1.7036407285789446,-0.025030669555664038,0.2538207669667589,-2.311234492674426,130847.9822257254
1425.0,22.7757339477539,0.0027129140625,1.6789922728500328,-0.0323684033203125,0.250499913434903,-2.9887722364092797,128954.85966590115
1432.0,22.7634162902832,0.0026785126953125,1.657784584181972,-0.01769215209960936,0.24732342523661124,-1.6336243859288422,127326.00492949095
1439.0,22.7498359680176,0.00262160522460938,1.6197444607421874,-0.02926667358398436,0.24206881113660017,-2.7023705987058504,124404.3364625336
1443.0,22.7479400634766,0.00256364892578125,1.5803487702499353,-0.052160621337890636,0.23671735233437208,-4.816308526121019,121378.55378263713
1447.0,22.7400436401367,0.00252837377929688,1.5571812778854381,-0.031747767333984364,0.23346018276056138,-2.931465127791723,119599.17648889695
1451.0,22.7381496429443,0.00249288720703125,1.533803843962863,-0.0319379150390625,0.23018349095394733,-2.9490226259522156,117803.67465152558
1455.0,22.7343597412109,0.002458109375,1.5112524096130417,-0.031299924316406276,0.2269722414589104,-2.8901130486063042,116071.61364155468
1460.0,22.7302532196045,0.00242324951171875,1.488876500172428,-0.025099211425781278,0.2237534175178901,-2.3175633818819277,114353.03380740616
1464.0,22.7239360809326,0.00238800268554688,1.4661000108665423,-0.031722121582031276,0.22049886293138315,-2.9290970989871905,112603.68747054857
1468.0,22.7201461791992,0.002353205078125,1.4437612115516656,-0.03131786499023436,0.21728578745383192,-2.8917696205202548,110887.95787647202
1472.0,22.7094078063965,0.00231773559570313,1.4211433381057725,-0.03192248291015627,0.21401067365679868,-2.9475976833015944,109150.79401734045
1477.0,22.7027740478516,0.00228228100585938,1.3985908562927294,-0.025527315673828137,0.21073693498239887,-2.3570928600025978,107418.65255704528
1481.0,22.6996154785156,0.00224691162109375,1.3763705699600255,-0.03183236206054686,0.20747106381290395,-2.939276275212083,105712.02534255189
1485.0,22.6974048614502,0.00221154443359375,1.3539978029090876,-0.03183061157226564,0.20420539553035547,-2.939114641945119,103993.68685937693
1489.0,22.6961421966553,0.0021760014648437498,1.3315190924346898,-0.03198859130859378,0.2009234962921283,-2.953701875216415,102267.21140051381
1493.0,22.6907730102539,0.0021413740234375,1.310039661878206,-0.0311648291015625,0.19772613328139424,-2.8776388828774233,100617.48555132152
1498.0,22.6822452545166,0.00210671484375,1.2883172198532116,-0.02495445190429686,0.1945258396814404,-2.3041968517356284,98949.09522682117
1502.0,22.6756114959717,0.00207201684570313,1.2666763303222657,-0.03122828979492186,0.19132196174544133,-2.8834985960223323,97286.96853473624
1506.0,22.6699275970459,0.00203568493652344,1.2439422632770536,-0.03269872924804686,0.18796721482210893,-3.019273245433689,95540.88043602563
1510.0,22.6642417907715,0.00199966381835938,1.2217073872779889,-0.03241902465820314,0.18464116513013662,-2.993446413499828,93833.13266344002
1515.0,22.6626625061035,0.00196498388671875,1.2001386230720537,-0.024969490356445318,0.18143895537569252,-2.3055854438084316,92176.54555084898
1519.0,22.6547660827637,0.00193029541015625,1.1785260150482202,-0.031219709472656277,0.17823595661645888,-2.882706322498271,90516.59101752844
1523.0,22.6462383270264,0.00189487084960938,1.156493074995421,-0.03188203857421877,0.17496499073032132,-2.9438632109158602,88824.3529182351
1527.0,22.6402378082275,0.00185940942382813,1.1345767774547604,-0.031915341796875,0.17169062085208955,-2.946938300727147,87141.07353723199
1531.0,22.6405544281006,0.00182471594238281,1.1129458388244677,-0.031224136962890635,0.16848715996147828,-2.883115139694426,85479.71112323101
1536.0,22.6354999542236,0.0017898382568359399,1.09169056539841,-0.025111928100585962,0.16526669038189656,-2.318737590081806,83847.20164350307
1540.0,22.6339206695557,0.0017539312744140599,1.069549138082888,-0.03231621826171877,0.1619511795396177,-2.983953671442176,82146.63118916191
1544.0,22.6320266723633,0.0017191650390625,1.0480002008594533,-0.0312896923828125,0.1587410008367959,-2.8891682717278386,80491.56688628675
1548.0,22.6238136291504,0.0016836364746093799,1.0258384976486217,-0.031975645751953136,0.1554604316352151,-2.9525065329596614,78789.43914351934
1553.0,22.6206550598145,0.0016483189697265599,1.0041364063377336,-0.02542857604980468,0.15219935085194458,-2.3479756278674677,77122.6118538966
1557.0,22.6197090148926,0.0016136312255859398,0.9824035644992862,-0.031219020996093777,0.14899641972169342,-2.882642751255196,75453.42277260263
1561.0,22.6099166870117,0.0015781898193359398,0.9604745477622982,-0.03189721435546877,0.1457238983689695,-2.9452644834227857,73769.16649480017
1565.0,22.6130752563477,0.0015434677734375,0.9389498518306733,-0.031249936523437497,0.14251779994806094,-2.8854973705851794,72115.96404229442
1569.0,22.6051788330078,0.00150871337890625,0.9173604376354215,-0.03127886352539064,0.1393087145804478,-2.8881683772290523,70457.79090901856
1574.0,22.6035995483398,0.0014733239746093799,0.895523672481155,-0.02548044616699218,0.13604099488544596,-2.3527651123723157,68780.62000623312
1578.0,22.6001262664795,0.0014386827392578099,0.8741135241352078,-0.031177082519531277,0.1328423581955503,-2.8787703157461935,67136.21537136774
1582.0,22.5950717926025,0.00140320764160156,0.8518217110279085,-0.031927529296875,0.12956672590965465,-2.9480636469875345,65424.094548994515
1586.0,22.5928611755371,0.00136760534667969,0.829869575281143,-0.03204211303710936,0.1262793487238864,-2.958643863075656,63738.06261759932
1591.0,22.5909671783447,0.00133243505859375,0.8080355036037441,-0.02532262756347654,0.12303186136599721,-2.338192757477058,62061.098587077126
1595.0,22.5862293243408,0.0012976074218749999,0.7861934263145443,-0.031344847412109356,0.11981601310018465,-2.89426107221693,60383.51968621692
1599.0,22.5868606567383,0.0012629354248046899,0.7643761140487674,-0.03120480834960936,0.11661453599304615,-2.8813304108595896,58707.842860888435
1603.0,22.5808601379395,0.00122747863769531,0.7422621452335356,-0.031911035156249996,0.11334059443169989,-2.946540642313019,57009.381354342215
1607.0,22.578649520874,0.00119289086914063,0.7205521979484559,-0.0311290869140625,0.11014689465749121,-2.874338588556094,55341.9506872854
1612.0,22.5717010498047,0.0011573634033203099,0.6980735622928619,-0.025579775390625,0.10686642689938225,-2.36193678583795,53615.48097487419
1616.0,22.5694885253906,0.00112199047851563,0.6758007531612397,-0.03183558837890627,0.10360022885647552,-2.939574180877772,51904.81975124729
1620,22.5748596191406,0.00108664672851563,0.6533924471794129,-0.03180934204101564,0.10033672470135085,-2.9371506963079996,50183.75170348794
1624.0,22.5726470947266,0.00105246960449219,0.6316420977413177,-0.030759404296874997,0.09718094224304615,-2.84020353618421,48513.21795248216
1629.0,22.5758056640625,0.00101586340332031,0.608163022476387,-0.02635651428222654,0.09380086826595659,-2.4336578284604373,46709.90956039839
1633.0,22.578649520874,0.0009817052001953128,0.5862438818212508,-0.03074235717773436,0.09064683288968724,-2.8386294716282876,45026.41181422817
1637.0,22.580228805542,0.0009464095458984379,0.5634846382492068,-0.031766081542968776,0.08738776970438022,-2.933156190486498,43278.390034501295
1641.0,22.5745429992676,0.000911563110351563,0.5409012188615802,-0.03136181030273436,0.08417018562802982,-2.8958273594399224,41543.87241640401
1645.0,22.5748596191406,0.0008761141357421879,0.518037528242111,-0.03190408081054686,0.08089696544249195,-2.94589850512898,39787.82859002389
1650.0,22.5713844299316,0.000840826354980469,0.4950208705821989,-0.025407207641601537,0.07763862926874136,-2.3460025523177777,38020.03614302603
1654.0,22.5723323822021,0.0008054631958007809,0.4719870045978543,-0.031826817626953136,0.0743733329455938,-2.938764323818387,36250.92201212399
1658.0,22.5739116668701,0.0007706499023437499,0.4491359209465028,-0.031331989746093775,0.07115880908067866,-2.8930738454380216,34495.84646286504
1662.0,22.5739116668701,0.000736035339355469,0.42636964440708147,-0.031153084716796862,0.06796263521287801,-2.876554452151141,32747.284516672928
1666.0,22.5777015686035,0.000700563659667969,0.4027521169492717,-0.0319245263671875,0.06468731852889834,-2.9477863681613568,30933.34231561227
1671.0,22.5761222839355,0.0006658717651367189,0.3797356837457653,-0.024978154907226536,0.06148400416774874,-2.3063854946654234,29165.567107969684
1675.0,22.578332901001,0.0006304193725585939,0.35607382614784233,-0.031907138671875,0.05821046838029491,-2.9461808561288088,27348.220134242885
1679.0,22.5792808532715,0.000595758605957031,0.3328593849851604,-0.031194678955078138,0.055010028250880055,-2.880395102038609,25565.236942024607
1683.0,22.5758056640625,0.000561116455078125,0.3095917289496418,-0.031177961425781275,0.051811307024757614,-2.8788514705245865,23778.166585993997
1687.0,22.5770702362061,0.00052564990234375,0.28524314697866415,-0.03191990844726564,0.048536463743651885,-2.9473599674298834,21908.075804812917
1692.0,22.5789642333984,0.0004909614257812499,0.26176994498968087,-0.02497568298339846,0.04533346498441827,-2.306157246851196,20105.21850919208
1696.0,22.5805435180664,0.000455497619628906,0.2374634111853601,-0.0319174365234375,0.04205887531199501,-2.947131719615651,18238.357233898627
1700.0,22.5852813720703,0.00042012167358398397,0.2131853085257529,-0.031838353271484356,0.03879239829953684,-2.9398294802847973,16373.679610272882
1704.0,22.5859127044678,0.000384736358642578,0.18869653482475313,-0.031846798095703135,0.03552505619968402,-2.940609242447196,14492.821415111608
1709.0,22.5890712738037,0.000350053985595703,0.16456569427194567,-0.02497130310058596,0.03232262101530037,-2.3057528255388697,12639.454245157118
1713.0,22.5897026062012,0.000313919708251953,0.13918535167069473,-0.03252085327148436,0.02898612264560969,-3.0028488708665146,10690.119175936616
1717.0,22.5922298431396,0.000279194488525391,0.1147502791647432,-0.031252683105468776,0.025779731165779408,-2.8857509792676614,8813.385496524055
1721.0,22.6013889312744,0.000244594467163086,0.09018534927577967,-0.031140021972656275,0.022584900015058723,-2.8753482892572735,6926.678131780313
1725.0,22.600757598877,0.00020975309753418,0.06529513996946813,-0.03135722534179686,0.019367783705833794,-2.8954040020126364,5014.987708868521
1730.0,22.6045475006104,0.000174537399291992,0.04011661641011237,-0.02535531188964846,0.016116103351061124,-2.3412107007985647,3081.153334110013
1734.0,22.6039161682129,0.000139039154052734,0.01461846809816954,-0.031948421630859355,0.012838333707546999,-2.9499927636989245,1122.7702072326836
1738.0,22.6102333068848,0.00010504845428466799,-0.010343104316610086,-0.030591621093749997,0.009699764938565834,-2.824711088988919,-794.4012531958592
1742.0,22.6143398284912,6.97425079345703e-05,-0.036113057645344775,-0.03177535400390628,0.006439751425168078,-2.9340123733985477,-2773.66034142433
1746.0,22.6149711608887,3.48800315856934e-05,-0.061952932651567455,-0.03137622802734378,0.0032206862036651338,-2.897158635950487,-4758.289758184905
1751.0,22.6168651580811,9.51826930046082e-07,-0.08722983825922008,-0.02442830932617186,8.788798984728364e-05,-2.2556148962300884,-6699.680357851005
1754.0,22.6193923950195,3.5671508312225294e-07,-0.08751961147890096,-0.000714134216308596,3.293768080537885e-05,-0.06594037085028587,-6721.9363655069865
1756.0,22.6190757751465,4.25360560417175e-07,-0.08643211084122657,0.00012356185913085959,3.9276136695953366e-05,0.011409220603034126,-6638.410970908339
1759.0,22.6238136291504,3.61788630485535e-07,-0.085632830933094,-7.628631591796859e-05,3.340615239940304e-05,-0.007043981155860442,-6577.022345091706
1762.0,22.6231822967529,4.94978785514832e-07,-0.08467487905087473,0.0001598281860351564,4.570441232823933e-05,0.014757911914603544,-6503.44693171081
1765.0,22.621919631958,3.7418639659881597e-07,-0.08409780163197522,-0.0001449508666992186,3.455091381337174e-05,-0.013384198217841052,-6459.124549306854
1768.0,22.6260242462158,5.583409070968629e-07,-0.08320061196923254,0.0002209854125976564,5.155502373932252e-05,0.02040493191114094,-6390.215973059335
1771.0,22.6263408660889,4.42221522331238e-07,-0.08283706741089823,-0.00013934326171875,4.0833012218950874e-05,-0.012866413824445982,-6362.293963970679
1774.0,22.6250782012939,5.167607069015499e-07,-0.08221318147907253,8.9447021484375e-05,4.7715670074011997e-05,0.008259189426073406,-6314.376457686062
1777.0,22.6285514831543,4.9845016002655e-07,-0.08178149569692608,-2.197265625e-05,4.6024945524150497e-05,-0.0020288694598337947,-6281.220867659454
1780.0,22.6389751434326,5.43330073356628e-07,-0.08118120574474333,5.3855895996093785e-05,5.0168981842717255e-05,0.004972843582280127,-6235.115648597798
1783.0,22.6418170928955,4.3701446056366e-07,-0.080850216717577,-0.00012757873535156278,4.035221242508402e-05,-0.011780123301159996,-6209.694064330031
1785.0,22.6405544281006,4.48897242546082e-07,-0.08038761206555366,2.138900756835936e-05,4.14494222110879e-05,0.001974977614806958,-6174.163753114721
1788.0,22.640869140625,3.7895476818084696e-07,-0.07978395526728628,-8.39309692382814e-05,3.4991206664898144e-05,-0.0077498586554276445,-6127.799943723985
1791.0,22.640869140625,4.97076869010925e-07,-0.07910733143248555,0.0001417465209960936,4.589814118291089e-05,0.01308832142161529,-6075.831907256955
1794.0,22.6456069946289,6.05681300163269e-07,-0.07867289605937004,0.00013032531738281278,5.592625116927691e-05,0.012033731983639221,-6042.465135128268
1797.0,22.6541347503662,4.59196925163269e-07,-0.07852462389874454,-0.00017578125,4.2400454770384945e-05,-0.016230955678670358,-6031.07710435826
1800,22.6585559844971,4.50384974479675e-07,-0.07808113077442642,-1.05743408203125e-05,4.1586793580764075e-05,-0.0009763934275450137,-5997.014652413704
